CREATE_USER,2025-05-31 15:01:20
CREATE_USER,2025-05-31 15:11:33
CREATE_USER,2025-05-31 15:11:33
READ_USER,2025-05-31 15:11:33
READ_ALL_USERS,2025-05-31 15:11:33
UPDATE_USER,2025-05-31 15:11:33
READ_USER,2025-05-31 15:11:33
READ_USER,2025-05-31 15:18:29
READ_ALL_USERS,2025-05-31 15:18:29
UPDATE_USER,2025-05-31 15:18:29
READ_USER,2025-05-31 15:18:29
READ_USER,2025-05-31 15:18:29
READ_USER,2025-05-31 15:18:29
ADD_PARTICIPANT,2025-05-31 15:18:29
CREATE_CHATROOM,2025-05-31 15:18:29
CREATE_GROUP_CHAT,2025-05-31 15:18:29
READ_USER,2025-05-31 15:26:47
READ_ALL_USERS,2025-05-31 15:26:47
UPDATE_USER,2025-05-31 15:26:47
READ_USER,2025-05-31 15:26:47
READ_USER,2025-05-31 15:26:47
READ_USER,2025-05-31 15:26:47
ADD_PARTICIPANT,2025-05-31 15:26:47
CREATE_CHATROOM,2025-05-31 15:26:47
UPDATE_PARTICIPANT_PERMISSION,2025-05-31 15:26:47
CREATE_GROUP_CHAT,2025-05-31 15:26:47
READ_USER,2025-05-31 15:26:47
ADD_PARTICIPANT,2025-05-31 15:26:47
ADD_GROUP_CHAT_PARTICIPANT,2025-05-31 15:26:47
UPDATE_PARTICIPANT_PERMISSION,2025-05-31 15:26:47
READ_USER,2025-05-31 15:26:47
READ_USER,2025-05-31 15:26:47
READ_CHATROOM,2025-05-31 15:26:47
UPDATE_CHATROOM,2025-05-31 15:26:47
READ_USER,2025-05-31 15:26:47
READ_USER,2025-05-31 15:26:47
READ_CHATROOM,2025-05-31 15:26:47
READ_USER,2025-05-31 15:41:14
READ_ALL_USERS,2025-05-31 15:41:14
UPDATE_USER,2025-05-31 15:41:14
READ_USER,2025-05-31 15:41:14
READ_USER,2025-05-31 15:41:14
READ_USER,2025-05-31 15:41:15
ADD_PARTICIPANT,2025-05-31 15:41:15
CREATE_CHATROOM,2025-05-31 15:41:15
UPDATE_PARTICIPANT_PERMISSION,2025-05-31 15:41:15
CREATE_GROUP_CHAT,2025-05-31 15:41:15
READ_USER,2025-05-31 15:41:15
ADD_PARTICIPANT,2025-05-31 15:41:15
ADD_GROUP_CHAT_PARTICIPANT,2025-05-31 15:41:15
UPDATE_PARTICIPANT_PERMISSION,2025-05-31 15:41:15
READ_USER,2025-05-31 15:41:15
READ_USER,2025-05-31 15:41:15
READ_CHATROOM,2025-05-31 15:41:15
UPDATE_CHATROOM,2025-05-31 15:41:15
READ_USER,2025-05-31 15:41:15
READ_USER,2025-05-31 15:41:15
READ_CHATROOM,2025-05-31 15:41:15
READ_USER,2025-05-31 15:41:15
READ_USER,2025-05-31 15:41:15
READ_USER,2025-05-31 15:41:15
READ_CHATROOM,2025-05-31 15:41:15
READ_USER,2025-05-31 15:41:15
READ_USER,2025-05-31 15:41:15
READ_CHATROOM,2025-05-31 15:41:15
READ_USER,2025-05-31 15:41:15
READ_USER,2025-05-31 15:41:15
READ_CHATROOM,2025-05-31 15:41:15
READ_ALL_CHATROOMS,2025-05-31 15:41:15
CREATE_MESSAGE,2025-05-31 15:41:15
CREATE_MESSAGE,2025-05-31 15:41:15
READ_USER,2025-05-31 15:41:15
READ_USER,2025-05-31 15:41:15
READ_MESSAGE,2025-05-31 15:41:15
READ_USER,2025-05-31 15:41:15
READ_USER,2025-05-31 15:41:15
READ_MESSAGE,2025-05-31 15:41:15
READ_USER,2025-05-31 15:41:15
READ_USER,2025-05-31 15:41:15
READ_MESSAGE,2025-05-31 15:41:15
READ_CHATROOM_MESSAGES,2025-05-31 15:41:15
UPDATE_MESSAGE_STATUS,2025-05-31 15:41:15
UPDATE_MESSAGE,2025-05-31 15:41:15
READ_USER,2025-05-31 15:41:15
READ_USER,2025-05-31 15:41:15
READ_MESSAGE,2025-05-31 15:41:15
READ_USER,2025-05-31 15:46:30
READ_ALL_USERS,2025-05-31 15:46:30
UPDATE_USER,2025-05-31 15:46:30
READ_USER,2025-05-31 15:46:31
READ_USER,2025-05-31 15:46:31
READ_USER,2025-05-31 15:46:31
ADD_PARTICIPANT,2025-05-31 15:46:31
CREATE_CHATROOM,2025-05-31 15:46:31
UPDATE_PARTICIPANT_PERMISSION,2025-05-31 15:46:31
CREATE_GROUP_CHAT,2025-05-31 15:46:31
READ_USER,2025-05-31 15:46:31
ADD_PARTICIPANT,2025-05-31 15:46:31
ADD_GROUP_CHAT_PARTICIPANT,2025-05-31 15:46:31
UPDATE_PARTICIPANT_PERMISSION,2025-05-31 15:46:31
READ_USER,2025-05-31 15:46:31
READ_USER,2025-05-31 15:46:31
READ_CHATROOM,2025-05-31 15:46:31
UPDATE_CHATROOM,2025-05-31 15:46:31
READ_USER,2025-05-31 15:46:31
READ_USER,2025-05-31 15:46:31
READ_CHATROOM,2025-05-31 15:46:31
READ_USER,2025-05-31 15:46:31
READ_USER,2025-05-31 15:46:31
READ_USER,2025-05-31 15:46:31
READ_CHATROOM,2025-05-31 15:46:31
READ_USER,2025-05-31 15:46:31
READ_USER,2025-05-31 15:46:31
READ_CHATROOM,2025-05-31 15:46:31
READ_USER,2025-05-31 15:46:31
READ_USER,2025-05-31 15:46:31
READ_CHATROOM,2025-05-31 15:46:31
READ_USER,2025-05-31 15:46:31
READ_USER,2025-05-31 15:46:31
READ_CHATROOM,2025-05-31 15:46:31
READ_ALL_CHATROOMS,2025-05-31 15:46:31
CREATE_MESSAGE,2025-05-31 15:46:31
CREATE_MESSAGE,2025-05-31 15:46:31
READ_USER,2025-05-31 15:46:31
READ_USER,2025-05-31 15:46:31
READ_MESSAGE,2025-05-31 15:46:31
READ_USER,2025-05-31 15:46:31
READ_USER,2025-05-31 15:46:31
READ_MESSAGE,2025-05-31 15:46:31
READ_USER,2025-05-31 15:46:31
READ_USER,2025-05-31 15:46:31
READ_MESSAGE,2025-05-31 15:46:31
READ_USER,2025-05-31 15:46:31
READ_USER,2025-05-31 15:46:31
READ_MESSAGE,2025-05-31 15:46:31
READ_USER,2025-05-31 15:46:31
READ_USER,2025-05-31 15:46:31
READ_MESSAGE,2025-05-31 15:46:31
READ_CHATROOM_MESSAGES,2025-05-31 15:46:31
UPDATE_MESSAGE_STATUS,2025-05-31 15:46:31
UPDATE_MESSAGE,2025-05-31 15:46:31
READ_USER,2025-05-31 15:46:31
READ_USER,2025-05-31 15:46:31
READ_MESSAGE,2025-05-31 15:46:31
READ_USER,2025-05-31 15:46:31
READ_USER,2025-05-31 15:46:31
CREATE_USER_SESSION,2025-05-31 15:46:31
CREATE_USER_SESSION,2025-05-31 15:46:31
READ_USER,2025-05-31 15:46:31
READ_USER,2025-05-31 15:46:31
READ_USER_SESSIONS_BY_USERNAME,2025-05-31 15:46:31
READ_USER,2025-05-31 15:46:31
READ_USER,2025-05-31 15:46:31
READ_ACTIVE_SESSIONS,2025-05-31 15:46:31
END_USER_SESSION,2025-05-31 15:46:31
READ_USER,2025-05-31 15:46:31
READ_ACTIVE_SESSIONS,2025-05-31 15:46:31
DELETE_USER_SESSION,2025-05-31 15:46:31
READ_USER_SESSIONS_BY_USERNAME,2025-05-31 15:46:31
READ_USER,2025-05-31 15:46:31
READ_USER_SESSIONS_BY_USERNAME,2025-05-31 15:46:31
READ_ALL_USERS,2025-06-01 14:39:52
READ_USER,2025-06-01 14:39:59
READ_USER,2025-06-01 14:45:23
READ_USER,2025-06-01 14:47:55
READ_ALL_USERS,2025-06-01 14:56:57
READ_ALL_CHATROOMS,2025-06-01 14:57:01
READ_ACTIVE_SESSIONS,2025-06-01 14:57:11
READ_USER,2025-06-01 14:57:39
READ_INACTIVE_SESSIONS,2025-06-01 14:57:39
READ_ALL_USERS,2025-06-01 15:03:36
CREATE_USER,2025-06-01 15:03:44
READ_ALL_USERS,2025-06-01 15:16:18
READ_USER,2025-06-01 15:16:22
UPDATE_USER,2025-06-01 15:16:23
CREATE_USER_SESSION,2025-06-01 15:16:23
READ_ALL_USERS,2025-06-01 15:22:36
READ_USER,2025-06-01 15:22:44
UPDATE_USER,2025-06-01 15:22:44
CREATE_USER_SESSION,2025-06-01 15:22:44
UPDATE_USER,2025-06-01 15:22:57
END_USER_SESSION,2025-06-01 15:22:57
READ_USER,2025-06-01 15:39:39
UPDATE_USER,2025-06-01 15:39:39
CREATE_USER_SESSION,2025-06-01 15:39:39
READ_ALL_CHATROOMS,2025-06-01 15:39:42
READ_USER,2025-06-01 15:43:50
UPDATE_USER,2025-06-01 15:43:50
CREATE_USER_SESSION,2025-06-01 15:43:50
READ_CHATROOMS_WITH_MEMBER,2025-06-01 15:43:54
UPDATE_USER,2025-06-01 15:43:58
END_USER_SESSION,2025-06-01 15:43:58
READ_USER,2025-06-01 15:44:02
UPDATE_USER,2025-06-01 15:44:02
CREATE_USER_SESSION,2025-06-01 15:44:02
READ_CHATROOMS_WITH_MEMBER,2025-06-01 15:44:05
READ_USER,2025-06-01 15:55:53
UPDATE_USER,2025-06-01 15:55:53
CREATE_USER_SESSION,2025-06-01 15:55:53
READ_CHATROOMS_WITH_MEMBER,2025-06-01 15:55:56
READ_USER,2025-06-01 15:56:05
READ_USER,2025-06-01 16:02:12
UPDATE_USER,2025-06-01 16:02:12
CREATE_USER_SESSION,2025-06-01 16:02:12
READ_USER,2025-06-01 16:02:15
READ_USER,2025-06-01 16:02:59
UPDATE_USER,2025-06-01 16:02:59
CREATE_USER_SESSION,2025-06-01 16:02:59
READ_CHATROOMS_WITH_MEMBER,2025-06-01 16:03:01
READ_USER,2025-06-01 16:03:05
READ_USER,2025-06-01 16:03:05
READ_CHATROOM,2025-06-01 16:03:05
READ_USER,2025-06-01 16:06:34
UPDATE_USER,2025-06-01 16:06:35
CREATE_USER_SESSION,2025-06-01 16:06:35
READ_CHATROOMS_WITH_MEMBER,2025-06-01 16:06:37
READ_USER,2025-06-01 16:06:40
READ_USER,2025-06-01 16:06:40
READ_CHATROOM,2025-06-01 16:06:40
READ_USER,2025-06-01 16:06:45
READ_CHATROOM,2025-06-01 16:06:45
READ_USER,2025-06-01 16:11:45
UPDATE_USER,2025-06-01 16:11:45
CREATE_USER_SESSION,2025-06-01 16:11:45
READ_CHATROOMS_WITH_MEMBER,2025-06-01 16:11:48
READ_CHATROOM_MESSAGES,2025-06-01 16:11:55
READ_USER,2025-06-01 16:12:00
READ_USER,2025-06-01 16:12:00
READ_MESSAGE,2025-06-01 16:12:00
READ_USER,2025-06-01 16:12:00
READ_USER,2025-06-01 16:12:00
READ_MESSAGE,2025-06-01 16:12:00
READ_USER,2025-06-01 16:12:00
READ_USER,2025-06-01 16:12:00
READ_MESSAGE,2025-06-01 16:12:00
READ_USER,2025-06-01 16:12:00
READ_USER,2025-06-01 16:12:00
READ_MESSAGE,2025-06-01 16:12:00
READ_CHATROOM_MESSAGES,2025-06-01 16:12:00
READ_USER,2025-06-01 16:17:26
UPDATE_USER,2025-06-01 16:17:26
CREATE_USER_SESSION,2025-06-01 16:17:26
READ_CHATROOMS_WITH_MEMBER,2025-06-01 16:17:29
READ_USER,2025-06-01 16:17:50
READ_USER,2025-06-01 16:17:50
READ_USER,2025-06-01 16:17:56
READ_USER,2025-06-01 16:18:07
READ_USER,2025-06-01 16:18:07
READ_CHATROOM,2025-06-01 16:18:07
READ_ALL_USERS,2025-06-01 17:58:36
READ_USER,2025-06-01 17:58:48
UPDATE_USER,2025-06-01 17:58:48
CREATE_USER_SESSION,2025-06-01 17:58:48
READ_CHATROOMS_WITH_MEMBER,2025-06-01 17:59:00
READ_USER,2025-06-01 17:59:12
READ_USER,2025-06-01 17:59:49
READ_USER,2025-06-01 17:59:49
READ_USER,2025-06-01 18:00:02
READ_USER,2025-06-01 18:00:02
READ_CHATROOM,2025-06-01 18:00:02
READ_USER,2025-06-01 18:00:02
READ_USER,2025-06-01 18:00:02
CREATE_MESSAGE,2025-06-01 18:00:02
READ_USER,2025-06-01 18:00:16
READ_USER,2025-06-01 18:00:16
READ_USER,2025-06-01 18:00:16
READ_MESSAGE,2025-06-01 18:00:16
READ_CHATROOM_MESSAGES,2025-06-01 18:00:16
UPDATE_USER,2025-06-01 18:00:53
END_USER_SESSION,2025-06-01 18:00:53
READ_USER,2025-06-01 18:00:56
UPDATE_USER,2025-06-01 18:00:56
CREATE_USER_SESSION,2025-06-01 18:00:56
READ_CHATROOMS_WITH_MEMBER,2025-06-01 18:00:59
READ_USER,2025-06-01 18:01:03
READ_USER,2025-06-01 18:01:03
READ_USER,2025-06-01 18:01:03
READ_MESSAGE,2025-06-01 18:01:03
READ_CHATROOM_MESSAGES,2025-06-01 18:01:03
READ_USER,2025-06-01 18:01:13
READ_USER,2025-06-01 18:01:13
READ_CHATROOM,2025-06-01 18:01:13
READ_USER,2025-06-01 18:01:13
READ_USER,2025-06-01 18:01:13
CREATE_MESSAGE,2025-06-01 18:01:14
READ_USER,2025-06-01 18:01:17
READ_USER,2025-06-01 18:01:17
READ_USER,2025-06-01 18:01:17
READ_MESSAGE,2025-06-01 18:01:17
READ_USER,2025-06-01 18:01:17
READ_USER,2025-06-01 18:01:17
READ_USER,2025-06-01 18:01:17
READ_MESSAGE,2025-06-01 18:01:17
READ_CHATROOM_MESSAGES,2025-06-01 18:01:17
READ_USER,2025-06-01 18:12:37
UPDATE_USER,2025-06-01 18:12:37
CREATE_USER_SESSION,2025-06-01 18:12:37
READ_CHATROOMS_WITH_MEMBER,2025-06-01 18:12:42
READ_USER,2025-06-01 18:12:54
READ_USER,2025-06-01 18:12:54
READ_ALL_USERS,2025-06-01 18:13:50
READ_USER,2025-06-01 18:13:59
READ_USER,2025-06-01 18:13:59
READ_CHATROOM,2025-06-01 18:13:59
READ_USER,2025-06-01 18:13:59
READ_USER,2025-06-01 18:16:36
UPDATE_USER,2025-06-01 18:16:36
CREATE_USER_SESSION,2025-06-01 18:16:36
READ_USER,2025-06-01 18:16:42
READ_USER,2025-06-01 18:16:42
READ_CHATROOM,2025-06-01 18:16:42
READ_USER,2025-06-01 18:16:42
ADD_PARTICIPANT,2025-06-01 18:16:42
UPDATE_USER,2025-06-01 18:16:52
END_USER_SESSION,2025-06-01 18:16:52
READ_USER,2025-06-01 18:16:55
UPDATE_USER,2025-06-01 18:16:55
CREATE_USER_SESSION,2025-06-01 18:16:55
READ_USER,2025-06-01 18:17:00
READ_USER,2025-06-01 18:17:00
READ_USER,2025-06-01 18:17:00
READ_CHATROOM,2025-06-01 18:17:00
READ_USER,2025-06-01 18:17:00
ADD_PARTICIPANT,2025-06-01 18:17:00
READ_USER,2025-06-01 18:18:32
UPDATE_USER,2025-06-01 18:18:32
CREATE_USER_SESSION,2025-06-01 18:18:32
READ_USER,2025-06-01 18:18:37
READ_USER,2025-06-01 18:18:37
READ_USER,2025-06-01 18:18:37
READ_CHATROOM,2025-06-01 18:18:37
READ_USER,2025-06-01 18:18:37
ADD_PARTICIPANT,2025-06-01 18:18:37
READ_USER,2025-06-01 18:20:46
UPDATE_USER,2025-06-01 18:20:46
CREATE_USER_SESSION,2025-06-01 18:20:46
READ_USER,2025-06-01 18:20:52
READ_USER,2025-06-01 18:20:52
READ_USER,2025-06-01 18:20:52
READ_CHATROOM,2025-06-01 18:20:52
READ_USER,2025-06-01 18:20:52
READ_USER,2025-06-01 18:20:59
UPDATE_USER,2025-06-01 18:20:59
CREATE_USER_SESSION,2025-06-01 18:20:59
READ_USER,2025-06-01 18:21:09
READ_USER,2025-06-01 18:21:09
READ_CHATROOM,2025-06-01 18:21:09
READ_USER,2025-06-01 18:21:09
ADD_PARTICIPANT,2025-06-01 18:21:09
READ_USER,2025-06-01 19:41:30
UPDATE_USER,2025-06-01 19:41:30
CREATE_USER_SESSION,2025-06-01 19:41:30
READ_CHATROOMS_WITH_MEMBER,2025-06-01 19:41:33
READ_USER,2025-06-01 19:41:38
READ_USER,2025-06-01 19:41:38
READ_USER,2025-06-01 19:41:38
READ_USER,2025-06-01 19:41:52
READ_USER,2025-06-01 19:41:52
READ_USER,2025-06-01 19:41:52
READ_CHATROOM,2025-06-01 19:41:52
READ_USER,2025-06-01 19:41:52
REMOVE_PARTICIPANT,2025-06-01 19:41:52
READ_USER,2025-06-01 19:42:10
READ_USER,2025-06-01 19:42:10
READ_CHATROOM,2025-06-01 19:42:10
READ_USER,2025-06-01 19:42:10
REMOVE_PARTICIPANT,2025-06-01 19:42:10
READ_USER,2025-06-01 19:43:13
READ_USER,2025-06-01 19:43:13
READ_CHATROOM,2025-06-01 19:43:13
READ_USER,2025-06-01 19:43:13
ADD_PARTICIPANT,2025-06-01 19:43:13
READ_USER,2025-06-01 19:51:33
UPDATE_USER,2025-06-01 19:51:33
CREATE_USER_SESSION,2025-06-01 19:51:33
READ_USER,2025-06-01 19:55:04
UPDATE_USER,2025-06-01 19:55:04
CREATE_USER_SESSION,2025-06-01 19:55:04
READ_CHATROOMS_WITH_MEMBER,2025-06-01 19:55:12
ADD_PARTICIPANT,2025-06-01 19:55:12
CREATE_CHATROOM,2025-06-01 19:55:12
READ_USER,2025-06-01 19:59:35
UPDATE_USER,2025-06-01 19:59:35
CREATE_USER_SESSION,2025-06-01 19:59:35
READ_CHATROOMS_WITH_MEMBER,2025-06-01 19:59:40
ADD_PARTICIPANT,2025-06-01 19:59:40
CREATE_CHATROOM,2025-06-01 19:59:40
READ_CHATROOMS_WITH_MEMBER,2025-06-01 19:59:51
READ_USER,2025-06-01 19:59:57
READ_CHATROOM,2025-06-01 19:59:57
READ_USER,2025-06-01 19:59:57
ADD_PARTICIPANT,2025-06-01 19:59:57
READ_USER,2025-06-01 20:02:21
ADD_PARTICIPANT,2025-06-01 20:02:21
ADD_PARTICIPANT,2025-06-01 20:02:21
CREATE_CHATROOM,2025-06-01 20:02:21
READ_USER,2025-06-01 20:07:08
UPDATE_USER,2025-06-01 20:07:08
CREATE_USER_SESSION,2025-06-01 20:07:08
READ_USER,2025-06-01 20:07:17
READ_USER,2025-06-01 20:07:17
READ_USER,2025-06-01 20:07:17
READ_MESSAGE,2025-06-01 20:07:17
READ_USER,2025-06-01 20:07:17
READ_USER,2025-06-01 20:07:17
READ_USER,2025-06-01 20:07:17
READ_MESSAGE,2025-06-01 20:07:17
READ_CHATROOM_MESSAGES,2025-06-01 20:07:17
READ_USER,2025-06-01 20:07:30
READ_USER,2025-06-01 20:07:30
READ_USER,2025-06-01 20:07:30
READ_CHATROOM,2025-06-01 20:07:30
READ_USER,2025-06-01 20:07:30
READ_USER,2025-06-01 20:07:30
READ_USER,2025-06-01 20:07:30
READ_MESSAGE,2025-06-01 20:07:30
READ_USER,2025-06-01 20:07:30
READ_USER,2025-06-01 20:07:30
READ_USER,2025-06-01 20:07:30
READ_MESSAGE,2025-06-01 20:07:30
READ_CHATROOM_MESSAGES,2025-06-01 20:07:30
UPDATE_USER,2025-06-01 20:08:45
END_USER_SESSION,2025-06-01 20:08:45
READ_USER,2025-06-01 20:17:19
UPDATE_USER,2025-06-01 20:17:19
CREATE_USER_SESSION,2025-06-01 20:17:19
READ_CHATROOMS_WITH_MEMBER,2025-06-01 20:17:24
READ_USER,2025-06-01 20:17:30
READ_USER,2025-06-01 20:17:30
READ_USER,2025-06-01 20:17:30
READ_CHATROOM,2025-06-01 20:17:30
READ_USER,2025-06-01 20:17:30
READ_USER,2025-06-01 20:17:30
READ_USER,2025-06-01 20:17:30
READ_MESSAGE,2025-06-01 20:17:30
READ_USER,2025-06-01 20:17:30
READ_USER,2025-06-01 20:17:30
READ_USER,2025-06-01 20:17:30
READ_MESSAGE,2025-06-01 20:17:30
READ_CHATROOM_MESSAGES,2025-06-01 20:17:30
READ_USER,2025-06-01 20:18:01
READ_USER,2025-06-01 20:18:01
READ_USER,2025-06-01 20:18:01
READ_USER,2025-06-01 20:20:14
UPDATE_USER,2025-06-01 20:20:14
CREATE_USER_SESSION,2025-06-01 20:20:14
READ_USER,2025-06-01 20:20:24
READ_USER,2025-06-01 20:20:24
READ_USER,2025-06-01 20:20:24
READ_CHATROOM,2025-06-01 20:20:24
READ_USER,2025-06-01 20:20:24
READ_USER,2025-06-01 20:20:24
READ_USER,2025-06-01 20:20:24
READ_MESSAGE,2025-06-01 20:20:24
READ_USER,2025-06-01 20:20:24
READ_USER,2025-06-01 20:20:24
READ_USER,2025-06-01 20:20:24
READ_MESSAGE,2025-06-01 20:20:24
READ_CHATROOM_MESSAGES,2025-06-01 20:20:24
READ_USER,2025-06-01 20:26:49
UPDATE_USER,2025-06-01 20:26:49
CREATE_USER_SESSION,2025-06-01 20:26:49
READ_USER,2025-06-01 20:26:57
READ_USER,2025-06-01 20:26:57
READ_USER,2025-06-01 20:26:57
READ_CHATROOM,2025-06-01 20:26:57
READ_USER,2025-06-01 20:26:57
READ_USER,2025-06-01 20:26:57
READ_USER,2025-06-01 20:26:57
READ_MESSAGE,2025-06-01 20:26:57
READ_USER,2025-06-01 20:26:57
READ_USER,2025-06-01 20:26:57
READ_USER,2025-06-01 20:26:57
READ_MESSAGE,2025-06-01 20:26:57
READ_CHATROOM_MESSAGES,2025-06-01 20:26:57
READ_USER,2025-06-01 20:27:18
READ_USER,2025-06-01 20:27:18
READ_USER,2025-06-01 20:27:18
READ_CHATROOM,2025-06-01 20:27:18
READ_USER,2025-06-01 20:27:18
READ_USER,2025-06-01 20:27:18
READ_USER,2025-06-01 20:27:18
CREATE_MESSAGE,2025-06-01 20:27:18
READ_USER,2025-06-01 20:27:26
READ_USER,2025-06-01 20:27:26
READ_USER,2025-06-01 20:27:26
READ_CHATROOM,2025-06-01 20:27:26
READ_USER,2025-06-01 20:27:26
READ_USER,2025-06-01 20:27:26
READ_USER,2025-06-01 20:27:26
READ_MESSAGE,2025-06-01 20:27:26
READ_USER,2025-06-01 20:27:26
READ_USER,2025-06-01 20:27:26
READ_USER,2025-06-01 20:27:26
READ_MESSAGE,2025-06-01 20:27:26
READ_USER,2025-06-01 20:27:26
READ_USER,2025-06-01 20:27:26
READ_USER,2025-06-01 20:27:26
READ_USER,2025-06-01 20:27:26
READ_MESSAGE,2025-06-01 20:27:26
READ_CHATROOM_MESSAGES,2025-06-01 20:27:26
READ_USER,2025-06-01 20:27:39
UPDATE_USER,2025-06-01 20:27:39
CREATE_USER_SESSION,2025-06-01 20:27:39
READ_USER,2025-06-01 20:27:49
READ_USER,2025-06-01 20:27:49
READ_USER,2025-06-01 20:27:49
READ_CHATROOM,2025-06-01 20:27:49
READ_USER,2025-06-01 20:27:49
READ_USER,2025-06-01 20:27:49
READ_USER,2025-06-01 20:27:49
READ_MESSAGE,2025-06-01 20:27:49
READ_USER,2025-06-01 20:27:49
READ_USER,2025-06-01 20:27:49
READ_USER,2025-06-01 20:27:49
READ_MESSAGE,2025-06-01 20:27:49
READ_USER,2025-06-01 20:27:49
READ_USER,2025-06-01 20:27:49
READ_USER,2025-06-01 20:27:49
READ_USER,2025-06-01 20:27:49
READ_MESSAGE,2025-06-01 20:27:49
READ_CHATROOM_MESSAGES,2025-06-01 20:27:49
READ_USER,2025-06-01 20:28:04
UPDATE_USER,2025-06-01 20:28:04
CREATE_USER_SESSION,2025-06-01 20:28:04
READ_USER,2025-06-01 20:28:09
READ_USER,2025-06-01 20:28:09
READ_USER,2025-06-01 20:28:09
READ_CHATROOM,2025-06-01 20:28:09
READ_USER,2025-06-01 20:28:09
READ_USER,2025-06-01 20:28:09
READ_USER,2025-06-01 20:28:09
READ_MESSAGE,2025-06-01 20:28:09
READ_USER,2025-06-01 20:28:09
READ_USER,2025-06-01 20:28:09
READ_USER,2025-06-01 20:28:09
READ_MESSAGE,2025-06-01 20:28:09
READ_USER,2025-06-01 20:28:09
READ_USER,2025-06-01 20:28:09
READ_USER,2025-06-01 20:28:09
READ_USER,2025-06-01 20:28:09
READ_MESSAGE,2025-06-01 20:28:09
READ_CHATROOM_MESSAGES,2025-06-01 20:28:09
READ_USER,2025-06-01 20:28:44
READ_USER,2025-06-01 20:28:44
READ_USER,2025-06-01 20:28:44
READ_MESSAGE,2025-06-01 20:28:44
READ_USER,2025-06-01 20:28:44
READ_USER,2025-06-01 20:28:44
READ_USER,2025-06-01 20:28:44
READ_MESSAGE,2025-06-01 20:28:44
READ_USER,2025-06-01 20:28:44
READ_USER,2025-06-01 20:28:44
READ_USER,2025-06-01 20:28:44
READ_USER,2025-06-01 20:28:44
READ_MESSAGE,2025-06-01 20:28:44
READ_CHATROOM_MESSAGES,2025-06-01 20:28:44
READ_USER,2025-06-01 20:32:25
UPDATE_USER,2025-06-01 20:32:25
CREATE_USER_SESSION,2025-06-01 20:32:25
READ_USER,2025-06-01 20:32:30
READ_USER,2025-06-01 20:32:30
READ_USER,2025-06-01 20:32:30
READ_CHATROOM,2025-06-01 20:32:30
READ_USER,2025-06-01 20:32:30
READ_USER,2025-06-01 20:32:30
READ_USER,2025-06-01 20:32:30
READ_MESSAGE,2025-06-01 20:32:30
READ_USER,2025-06-01 20:32:30
READ_USER,2025-06-01 20:32:30
READ_USER,2025-06-01 20:32:30
READ_MESSAGE,2025-06-01 20:32:30
READ_USER,2025-06-01 20:32:30
READ_USER,2025-06-01 20:32:30
READ_USER,2025-06-01 20:32:30
READ_USER,2025-06-01 20:32:30
READ_MESSAGE,2025-06-01 20:32:30
READ_CHATROOM_MESSAGES,2025-06-01 20:32:30
UPDATE_USER,2025-06-01 20:32:37
END_USER_SESSION,2025-06-01 20:32:37
READ_USER,2025-06-01 21:00:42
UPDATE_USER,2025-06-01 21:00:42
CREATE_USER_SESSION,2025-06-01 21:00:42
UPDATE_USER,2025-06-01 21:00:45
END_USER_SESSION,2025-06-01 21:00:45
READ_USER,2025-06-01 21:00:48
UPDATE_USER,2025-06-01 21:00:48
CREATE_USER_SESSION,2025-06-01 21:00:48
READ_USER,2025-06-01 21:00:52
READ_USER,2025-06-01 21:00:52
READ_USER,2025-06-01 21:00:52
READ_MESSAGE,2025-06-01 21:00:52
READ_USER,2025-06-01 21:00:52
READ_USER,2025-06-01 21:00:52
READ_USER,2025-06-01 21:00:52
READ_MESSAGE,2025-06-01 21:00:52
READ_USER,2025-06-01 21:00:52
READ_USER,2025-06-01 21:00:52
READ_USER,2025-06-01 21:00:52
READ_USER,2025-06-01 21:00:52
READ_MESSAGE,2025-06-01 21:00:52
READ_CHATROOM_MESSAGES,2025-06-01 21:00:52
READ_USER,2025-06-01 21:00:56
READ_USER,2025-06-01 21:00:56
READ_USER,2025-06-01 21:00:56
READ_CHATROOM,2025-06-01 21:00:56
READ_USER,2025-06-01 21:00:56
READ_USER,2025-06-01 21:00:56
READ_USER,2025-06-01 21:00:56
READ_MESSAGE,2025-06-01 21:00:56
READ_USER,2025-06-01 21:00:56
READ_USER,2025-06-01 21:00:56
READ_USER,2025-06-01 21:00:56
READ_MESSAGE,2025-06-01 21:00:56
READ_USER,2025-06-01 21:00:56
READ_USER,2025-06-01 21:00:56
READ_USER,2025-06-01 21:00:56
READ_USER,2025-06-01 21:00:56
READ_MESSAGE,2025-06-01 21:00:56
READ_CHATROOM_MESSAGES,2025-06-01 21:00:56
READ_USER,2025-06-01 21:01:00
READ_USER,2025-06-01 21:01:00
READ_USER,2025-06-01 21:01:00
READ_CHATROOM,2025-06-01 21:01:00
READ_USER,2025-06-01 21:01:00
READ_USER,2025-06-01 21:01:00
READ_USER,2025-06-01 21:01:00
READ_MESSAGE,2025-06-01 21:01:00
READ_USER,2025-06-01 21:01:00
READ_USER,2025-06-01 21:01:00
READ_USER,2025-06-01 21:01:00
READ_MESSAGE,2025-06-01 21:01:00
READ_USER,2025-06-01 21:01:00
READ_USER,2025-06-01 21:01:00
READ_USER,2025-06-01 21:01:00
READ_USER,2025-06-01 21:01:00
READ_MESSAGE,2025-06-01 21:01:00
READ_CHATROOM_MESSAGES,2025-06-01 21:01:00
UPDATE_MESSAGE_STATUS,2025-06-01 21:01:00
UPDATE_MESSAGE_STATUS,2025-06-01 21:01:00
READ_USER,2025-06-01 21:01:07
READ_USER,2025-06-01 21:01:07
READ_USER,2025-06-01 21:01:07
READ_CHATROOM,2025-06-01 21:01:07
READ_USER,2025-06-01 21:01:07
READ_USER,2025-06-01 21:01:07
READ_USER,2025-06-01 21:01:07
READ_MESSAGE,2025-06-01 21:01:07
READ_USER,2025-06-01 21:01:07
READ_USER,2025-06-01 21:01:07
READ_USER,2025-06-01 21:01:07
READ_MESSAGE,2025-06-01 21:01:07
READ_USER,2025-06-01 21:01:07
READ_USER,2025-06-01 21:01:07
READ_USER,2025-06-01 21:01:07
READ_USER,2025-06-01 21:01:07
READ_MESSAGE,2025-06-01 21:01:07
READ_CHATROOM_MESSAGES,2025-06-01 21:01:07
READ_USER,2025-06-01 21:18:35
UPDATE_USER,2025-06-01 21:18:35
CREATE_USER_SESSION,2025-06-01 21:18:35
READ_USER,2025-06-01 21:19:38
READ_USER,2025-06-01 21:19:38
READ_USER,2025-06-01 21:19:38
READ_CHATROOM,2025-06-01 21:19:38
READ_USER,2025-06-01 21:19:38
READ_USER,2025-06-01 21:19:38
READ_USER,2025-06-01 21:19:38
READ_MESSAGE,2025-06-01 21:19:38
READ_USER,2025-06-01 21:19:38
READ_USER,2025-06-01 21:19:38
READ_USER,2025-06-01 21:19:38
READ_MESSAGE,2025-06-01 21:19:38
READ_USER,2025-06-01 21:19:38
READ_USER,2025-06-01 21:19:38
READ_USER,2025-06-01 21:19:38
READ_USER,2025-06-01 21:19:38
READ_MESSAGE,2025-06-01 21:19:38
READ_CHATROOM_MESSAGES,2025-06-01 21:19:38
READ_USER,2025-06-01 21:20:19
UPDATE_USER,2025-06-01 21:20:19
CREATE_USER_SESSION,2025-06-01 21:20:19
READ_USER,2025-06-01 21:20:22
READ_USER,2025-06-01 21:20:22
READ_USER,2025-06-01 21:20:22
READ_CHATROOM,2025-06-01 21:20:22
READ_USER,2025-06-01 21:20:22
READ_USER,2025-06-01 21:20:22
READ_USER,2025-06-01 21:20:22
READ_MESSAGE,2025-06-01 21:20:22
READ_USER,2025-06-01 21:20:22
READ_USER,2025-06-01 21:20:22
READ_USER,2025-06-01 21:20:22
READ_MESSAGE,2025-06-01 21:20:22
READ_USER,2025-06-01 21:20:22
READ_USER,2025-06-01 21:20:22
READ_USER,2025-06-01 21:20:22
READ_USER,2025-06-01 21:20:22
READ_MESSAGE,2025-06-01 21:20:22
READ_CHATROOM_MESSAGES,2025-06-01 21:20:22
READ_USER,2025-06-01 21:21:25
UPDATE_USER,2025-06-01 21:21:25
CREATE_USER_SESSION,2025-06-01 21:21:25
READ_USER,2025-06-01 21:21:31
READ_USER,2025-06-01 21:21:31
READ_USER,2025-06-01 21:21:31
READ_CHATROOM,2025-06-01 21:21:31
READ_USER,2025-06-01 21:21:38
READ_USER,2025-06-01 21:21:38
READ_USER,2025-06-01 21:21:38
READ_CHATROOM,2025-06-01 21:21:38
READ_USER,2025-06-01 21:21:38
READ_USER,2025-06-01 21:21:38
READ_USER,2025-06-01 21:21:38
READ_MESSAGE,2025-06-01 21:21:38
READ_USER,2025-06-01 21:21:38
READ_USER,2025-06-01 21:21:38
READ_USER,2025-06-01 21:21:38
READ_MESSAGE,2025-06-01 21:21:38
READ_USER,2025-06-01 21:21:38
READ_USER,2025-06-01 21:21:38
READ_USER,2025-06-01 21:21:38
READ_USER,2025-06-01 21:21:38
READ_MESSAGE,2025-06-01 21:21:38
READ_CHATROOM_MESSAGES,2025-06-01 21:21:38
READ_USER,2025-06-01 21:21:54
UPDATE_USER,2025-06-01 21:21:54
CREATE_USER_SESSION,2025-06-01 21:21:54
READ_USER,2025-06-01 21:22:00
READ_USER,2025-06-01 21:22:00
READ_USER,2025-06-01 21:22:00
READ_CHATROOM,2025-06-01 21:22:00
READ_USER,2025-06-01 21:22:07
READ_USER,2025-06-01 21:22:07
READ_USER,2025-06-01 21:22:07
READ_CHATROOM,2025-06-01 21:22:07
READ_USER,2025-06-01 21:22:07
READ_USER,2025-06-01 21:22:07
READ_USER,2025-06-01 21:22:07
READ_MESSAGE,2025-06-01 21:22:07
READ_USER,2025-06-01 21:22:07
READ_USER,2025-06-01 21:22:07
READ_USER,2025-06-01 21:22:07
READ_MESSAGE,2025-06-01 21:22:07
READ_USER,2025-06-01 21:22:07
READ_USER,2025-06-01 21:22:07
READ_USER,2025-06-01 21:22:07
READ_USER,2025-06-01 21:22:07
READ_MESSAGE,2025-06-01 21:22:07
READ_CHATROOM_MESSAGES,2025-06-01 21:22:07
READ_USER,2025-06-01 21:23:14
UPDATE_USER,2025-06-01 21:23:14
CREATE_USER_SESSION,2025-06-01 21:23:14
READ_USER,2025-06-01 21:23:38
READ_USER,2025-06-01 21:23:38
READ_USER,2025-06-01 21:23:38
READ_CHATROOM,2025-06-01 21:23:38
READ_USER,2025-06-01 21:23:38
READ_USER,2025-06-01 21:23:38
READ_USER,2025-06-01 21:23:38
READ_MESSAGE,2025-06-01 21:23:38
READ_USER,2025-06-01 21:23:38
READ_USER,2025-06-01 21:23:38
READ_USER,2025-06-01 21:23:38
READ_MESSAGE,2025-06-01 21:23:38
READ_USER,2025-06-01 21:23:38
READ_USER,2025-06-01 21:23:38
READ_USER,2025-06-01 21:23:38
READ_USER,2025-06-01 21:23:38
READ_MESSAGE,2025-06-01 21:23:38
READ_CHATROOM_MESSAGES,2025-06-01 21:23:38
READ_USER,2025-06-01 21:23:41
READ_USER,2025-06-01 21:23:41
READ_USER,2025-06-01 21:23:41
READ_CHATROOM,2025-06-01 21:23:41
READ_USER,2025-06-01 21:23:41
READ_USER,2025-06-01 21:23:41
READ_USER,2025-06-01 21:23:41
READ_MESSAGE,2025-06-01 21:23:41
READ_USER,2025-06-01 21:23:41
READ_USER,2025-06-01 21:23:41
READ_USER,2025-06-01 21:23:41
READ_MESSAGE,2025-06-01 21:23:41
READ_USER,2025-06-01 21:23:41
READ_USER,2025-06-01 21:23:41
READ_USER,2025-06-01 21:23:41
READ_USER,2025-06-01 21:23:41
READ_MESSAGE,2025-06-01 21:23:41
READ_CHATROOM_MESSAGES,2025-06-01 21:23:41
READ_USER,2025-06-01 21:23:46
READ_USER,2025-06-01 21:23:46
READ_USER,2025-06-01 21:23:46
READ_CHATROOM,2025-06-01 21:23:46
READ_USER,2025-06-01 21:23:46
READ_USER,2025-06-01 21:23:46
READ_USER,2025-06-01 21:23:46
READ_MESSAGE,2025-06-01 21:23:46
READ_USER,2025-06-01 21:23:46
READ_USER,2025-06-01 21:23:46
READ_USER,2025-06-01 21:23:46
READ_MESSAGE,2025-06-01 21:23:46
READ_USER,2025-06-01 21:23:46
READ_USER,2025-06-01 21:23:46
READ_USER,2025-06-01 21:23:46
READ_USER,2025-06-01 21:23:46
READ_MESSAGE,2025-06-01 21:23:46
READ_CHATROOM_MESSAGES,2025-06-01 21:23:46
UPDATE_MESSAGE_STATUS,2025-06-01 21:23:46
UPDATE_MESSAGE_STATUS,2025-06-01 21:23:46
UPDATE_MESSAGE_STATUS,2025-06-01 21:23:46
READ_USER,2025-06-01 21:23:50
READ_USER,2025-06-01 21:23:50
READ_USER,2025-06-01 21:23:50
READ_CHATROOM,2025-06-01 21:23:50
READ_USER,2025-06-01 21:23:50
READ_USER,2025-06-01 21:23:50
READ_USER,2025-06-01 21:23:50
READ_MESSAGE,2025-06-01 21:23:50
READ_USER,2025-06-01 21:23:50
READ_USER,2025-06-01 21:23:50
READ_USER,2025-06-01 21:23:50
READ_MESSAGE,2025-06-01 21:23:50
READ_USER,2025-06-01 21:23:50
READ_USER,2025-06-01 21:23:50
READ_USER,2025-06-01 21:23:50
READ_USER,2025-06-01 21:23:50
READ_MESSAGE,2025-06-01 21:23:50
READ_CHATROOM_MESSAGES,2025-06-01 21:23:50
READ_USER,2025-06-01 21:58:08
UPDATE_USER,2025-06-01 21:58:08
CREATE_USER_SESSION,2025-06-01 21:58:08
READ_USER,2025-06-01 21:58:26
READ_USER,2025-06-01 21:58:26
READ_USER,2025-06-01 21:58:26
READ_CHATROOM,2025-06-01 21:58:26
READ_USER,2025-06-01 21:58:26
READ_USER,2025-06-01 21:58:53
UPDATE_USER,2025-06-01 21:58:53
CREATE_USER_SESSION,2025-06-01 21:58:53
READ_USER,2025-06-01 21:58:56
READ_USER,2025-06-01 21:58:56
READ_USER,2025-06-01 21:58:56
READ_CHATROOM,2025-06-01 21:58:56
READ_USER,2025-06-01 21:58:56
READ_USER,2025-06-01 21:59:11
READ_USER,2025-06-01 21:59:11
READ_CHATROOM,2025-06-01 21:59:11
READ_USER,2025-06-01 21:59:11
UPDATE_PARTICIPANT_PERMISSION,2025-06-01 21:59:11
READ_USER,2025-06-01 22:08:12
UPDATE_USER,2025-06-01 22:08:12
CREATE_USER_SESSION,2025-06-01 22:08:12
READ_USER,2025-06-01 22:08:16
READ_USER,2025-06-01 22:08:16
READ_USER,2025-06-01 22:08:16
READ_CHATROOM,2025-06-01 22:08:16
READ_USER,2025-06-01 22:08:37
READ_USER,2025-06-01 22:08:37
READ_CHATROOM,2025-06-01 22:08:37
READ_USER,2025-06-01 22:10:00
UPDATE_USER,2025-06-01 22:10:00
CREATE_USER_SESSION,2025-06-01 22:10:00
READ_USER,2025-06-01 22:10:04
READ_USER,2025-06-01 22:10:04
READ_USER,2025-06-01 22:10:04
READ_CHATROOM,2025-06-01 22:10:04
READ_USER,2025-06-01 22:10:08
READ_USER,2025-06-01 22:10:08
READ_CHATROOM,2025-06-01 22:10:08
READ_USER,2025-06-01 22:12:09
UPDATE_USER,2025-06-01 22:12:09
CREATE_USER_SESSION,2025-06-01 22:12:09
READ_USER,2025-06-01 22:12:11
READ_USER,2025-06-01 22:12:11
READ_USER,2025-06-01 22:12:11
READ_CHATROOM,2025-06-01 22:12:11
READ_USER,2025-06-01 22:12:26
READ_USER,2025-06-01 22:12:26
READ_USER,2025-06-01 22:12:26
READ_CHATROOM,2025-06-01 22:12:26
READ_USER,2025-06-01 22:12:26
READ_ALL_USERS,2025-06-04 20:32:19
CREATE_USER,2025-06-04 20:32:26
CREATE_USER,2025-06-04 20:32:31
CREATE_USER,2025-06-04 20:32:34
READ_USER,2025-06-04 20:32:38
UPDATE_USER,2025-06-04 20:32:38
CREATE_USER_SESSION,2025-06-04 20:32:38
READ_CHATROOMS_WITH_MEMBER,2025-06-04 20:33:02
ADD_PARTICIPANT,2025-06-04 20:33:02
CREATE_CHATROOM,2025-06-04 20:33:02
READ_CHATROOMS_WITH_MEMBER,2025-06-04 20:35:58
READ_USER,2025-06-04 20:36:49
READ_CHATROOM,2025-06-04 20:36:49
READ_USER,2025-06-04 20:36:57
READ_CHATROOM,2025-06-04 20:36:57
READ_USER,2025-06-04 20:36:57
ADD_PARTICIPANT,2025-06-04 20:36:57
READ_USER,2025-06-04 20:37:09
READ_USER,2025-06-04 20:37:09
READ_CHATROOM,2025-06-04 20:37:09
READ_USER,2025-06-04 20:37:24
READ_USER,2025-06-04 20:37:24
READ_CHATROOM,2025-06-04 20:37:24
READ_USER,2025-06-04 20:37:24
UPDATE_PARTICIPANT_PERMISSION,2025-06-04 20:37:24
READ_USER,2025-06-04 20:37:29
UPDATE_USER,2025-06-04 20:37:29
CREATE_USER_SESSION,2025-06-04 20:37:29
READ_USER,2025-06-04 20:37:47
READ_USER,2025-06-04 20:37:47
READ_CHATROOM,2025-06-04 20:37:47
READ_USER,2025-06-04 20:37:47
ADD_PARTICIPANT,2025-06-04 20:37:47
READ_USER,2025-06-04 20:37:55
READ_USER,2025-06-04 20:37:55
READ_USER,2025-06-04 20:37:55
READ_CHATROOM,2025-06-04 20:37:55
READ_USER,2025-06-04 20:37:55
READ_USER,2025-06-04 20:37:55
READ_USER,2025-06-04 20:37:55
CREATE_MESSAGE,2025-06-04 20:37:55
READ_USER,2025-06-04 20:38:00
UPDATE_USER,2025-06-04 20:38:00
CREATE_USER_SESSION,2025-06-04 20:38:00
READ_USER,2025-06-04 20:38:06
READ_USER,2025-06-04 20:38:06
READ_USER,2025-06-04 20:38:06
READ_CHATROOM,2025-06-04 20:38:06
READ_USER,2025-06-04 20:38:06
READ_USER,2025-06-04 20:38:06
READ_USER,2025-06-04 20:38:06
CREATE_MESSAGE,2025-06-04 20:38:06
READ_USER,2025-06-04 20:38:18
READ_USER,2025-06-04 20:38:18
READ_USER,2025-06-04 20:38:18
READ_CHATROOM,2025-06-04 20:38:18
READ_USER,2025-06-04 20:38:18
READ_USER,2025-06-04 20:38:18
READ_USER,2025-06-04 20:38:18
READ_USER,2025-06-04 20:38:18
READ_MESSAGE,2025-06-04 20:38:18
READ_USER,2025-06-04 20:38:18
READ_USER,2025-06-04 20:38:18
READ_USER,2025-06-04 20:38:18
READ_USER,2025-06-04 20:38:18
READ_MESSAGE,2025-06-04 20:38:18
READ_CHATROOM_MESSAGES,2025-06-04 20:38:18
READ_USER,2025-06-04 20:38:26
READ_USER,2025-06-04 20:38:26
READ_USER,2025-06-04 20:38:26
READ_CHATROOM,2025-06-04 20:38:26
READ_USER,2025-06-04 20:38:26
READ_USER,2025-06-04 20:38:26
READ_USER,2025-06-04 20:38:26
READ_USER,2025-06-04 20:38:26
READ_MESSAGE,2025-06-04 20:38:26
READ_USER,2025-06-04 20:38:26
READ_USER,2025-06-04 20:38:26
READ_USER,2025-06-04 20:38:26
READ_USER,2025-06-04 20:38:26
READ_MESSAGE,2025-06-04 20:38:26
READ_CHATROOM_MESSAGES,2025-06-04 20:38:26
UPDATE_MESSAGE_STATUS,2025-06-04 20:38:26
READ_USER,2025-06-04 20:38:30
READ_USER,2025-06-04 20:38:30
READ_USER,2025-06-04 20:38:30
READ_CHATROOM,2025-06-04 20:38:30
READ_USER,2025-06-04 20:38:30
READ_USER,2025-06-04 20:38:30
READ_USER,2025-06-04 20:38:30
READ_USER,2025-06-04 20:38:30
READ_MESSAGE,2025-06-04 20:38:30
READ_USER,2025-06-04 20:38:30
READ_USER,2025-06-04 20:38:30
READ_USER,2025-06-04 20:38:30
READ_USER,2025-06-04 20:38:30
READ_MESSAGE,2025-06-04 20:38:30
READ_CHATROOM_MESSAGES,2025-06-04 20:38:30
READ_USER,2025-06-04 20:38:40
READ_USER,2025-06-04 20:38:40
READ_USER,2025-06-04 20:38:40
READ_CHATROOM,2025-06-04 20:38:40
READ_USER,2025-06-04 20:38:52
UPDATE_USER,2025-06-04 20:38:52
CREATE_USER_SESSION,2025-06-04 20:38:52
READ_USER,2025-06-04 20:39:01
ADD_PARTICIPANT,2025-06-04 20:39:01
ADD_PARTICIPANT,2025-06-04 20:39:01
CREATE_CHATROOM,2025-06-04 20:39:01
READ_ALL_CHATROOMS,2025-06-04 20:39:10
READ_CHATROOMS_WITH_MEMBER,2025-06-04 20:39:17
READ_USER,2025-06-04 20:39:26
READ_USER,2025-06-04 20:39:26
READ_CHATROOM,2025-06-04 20:39:26
READ_USER,2025-06-04 20:39:26
READ_USER,2025-06-04 20:39:26
CREATE_MESSAGE,2025-06-04 20:39:27
READ_USER,2025-06-04 20:39:58
READ_USER,2025-06-04 20:39:58
READ_CHATROOM,2025-06-04 20:39:58
UPDATE_USER,2025-06-04 20:40:17
END_USER_SESSION,2025-06-04 20:40:17
READ_USER,2025-06-04 20:40:25
READ_ACTIVE_SESSIONS,2025-06-04 20:40:25
READ_USER,2025-06-04 20:40:33
READ_USER,2025-06-04 20:40:33
READ_USER,2025-06-04 20:40:33
READ_INACTIVE_SESSIONS,2025-06-04 20:40:33
READ_USER,2025-06-04 20:44:19
READ_USER,2025-06-04 20:44:19
READ_USER,2025-06-04 20:44:19
READ_INACTIVE_SESSIONS,2025-06-04 20:44:19
READ_ALL_USERS,2025-06-05 13:34:10
READ_USER,2025-06-05 13:34:14
UPDATE_USER,2025-06-05 13:34:14
CREATE_USER_SESSION,2025-06-05 13:34:15
READ_CHATROOMS_WITH_MEMBER,2025-06-05 13:34:32
READ_USER,2025-06-05 13:34:37
READ_USER,2025-06-05 13:34:37
READ_USER,2025-06-05 13:34:37
READ_USER,2025-06-05 13:34:37
READ_MESSAGE,2025-06-05 13:34:37
READ_USER,2025-06-05 13:34:37
READ_USER,2025-06-05 13:34:37
READ_USER,2025-06-05 13:34:37
READ_USER,2025-06-05 13:34:37
READ_MESSAGE,2025-06-05 13:34:37
READ_CHATROOM_MESSAGES,2025-06-05 13:34:37
READ_ALL_USERS,2025-06-05 13:43:13
READ_USER,2025-06-05 13:43:16
UPDATE_USER,2025-06-05 13:43:16
CREATE_USER_SESSION,2025-06-05 13:43:16
READ_USER,2025-06-05 13:43:47
READ_USER,2025-06-05 13:43:47
READ_USER,2025-06-05 13:43:47
READ_CHATROOM,2025-06-05 13:43:47
READ_USER,2025-06-05 13:43:47
READ_USER,2025-06-05 13:43:47
READ_USER,2025-06-05 13:43:47
READ_USER,2025-06-05 13:43:47
READ_MESSAGE,2025-06-05 13:43:47
READ_USER,2025-06-05 13:43:47
READ_USER,2025-06-05 13:43:47
READ_USER,2025-06-05 13:43:47
READ_USER,2025-06-05 13:43:47
READ_MESSAGE,2025-06-05 13:43:47
READ_CHATROOM_MESSAGES,2025-06-05 13:43:47
READ_ALL_USERS,2025-06-05 13:58:02
READ_USER,2025-06-05 13:58:05
UPDATE_USER,2025-06-05 13:58:05
CREATE_USER_SESSION,2025-06-05 13:58:05
READ_CHATROOMS_WITH_MEMBER,2025-06-05 13:58:11
READ_USER,2025-06-05 13:58:16
READ_USER,2025-06-05 13:58:16
READ_USER,2025-06-05 13:58:16
READ_USER,2025-06-05 13:58:16
READ_MESSAGE,2025-06-05 13:58:16
READ_USER,2025-06-05 13:58:16
READ_USER,2025-06-05 13:58:16
READ_USER,2025-06-05 13:58:16
READ_USER,2025-06-05 13:58:16
READ_MESSAGE,2025-06-05 13:58:16
READ_CHATROOM_MESSAGES,2025-06-05 13:58:16
READ_USER,2025-06-05 13:58:36
READ_USER,2025-06-05 13:58:36
READ_USER,2025-06-05 13:58:36
READ_USER,2025-06-05 13:58:36
READ_MESSAGE,2025-06-05 13:58:36
READ_USER,2025-06-05 13:59:02
READ_USER,2025-06-05 13:59:02
READ_USER,2025-06-05 13:59:02
READ_USER,2025-06-05 13:59:02
READ_MESSAGE,2025-06-05 13:59:02
UPDATE_MESSAGE,2025-06-05 13:59:02
READ_ALL_CHATROOMS,2025-06-05 14:25:56
READ_USER,2025-06-05 14:26:12
UPDATE_USER,2025-06-05 14:26:12
CREATE_USER_SESSION,2025-06-05 14:26:12
READ_CHATROOMS_WITH_MEMBER,2025-06-05 14:26:16
READ_USER,2025-06-05 14:26:21
ADD_PARTICIPANT,2025-06-05 14:26:21
ADD_PARTICIPANT,2025-06-05 14:26:21
CREATE_CHATROOM,2025-06-05 14:26:21
READ_CHATROOMS_WITH_MEMBER,2025-06-05 14:26:29
READ_USER,2025-06-05 14:27:08
UPDATE_USER,2025-06-05 14:27:08
CREATE_USER_SESSION,2025-06-05 14:27:08
READ_USER,2025-06-05 14:27:12
READ_USER,2025-06-05 14:27:12
READ_CHATROOM,2025-06-05 14:27:12
DELETE_CHATROOM,2025-06-05 14:27:12
READ_CHATROOMS_WITH_MEMBER,2025-06-05 14:27:15
READ_USER,2025-06-05 14:27:38
READ_USER,2025-06-05 14:27:38
READ_USER,2025-06-05 14:27:38
READ_USER,2025-06-05 14:27:38
READ_MESSAGE,2025-06-05 14:27:38
READ_USER,2025-06-05 14:27:38
READ_USER,2025-06-05 14:27:38
READ_USER,2025-06-05 14:27:38
READ_USER,2025-06-05 14:27:38
READ_MESSAGE,2025-06-05 14:27:38
READ_CHATROOM_MESSAGES,2025-06-05 14:27:38
READ_USER,2025-06-05 14:27:50
READ_USER,2025-06-05 14:27:50
READ_USER,2025-06-05 14:27:50
READ_USER,2025-06-05 14:27:50
READ_MESSAGE,2025-06-05 14:27:50
UPDATE_MESSAGE,2025-06-05 14:27:50
READ_USER,2025-06-05 14:27:56
READ_USER,2025-06-05 14:27:56
READ_USER,2025-06-05 14:27:56
READ_MESSAGE,2025-06-05 14:27:56
READ_CHATROOM_MESSAGES,2025-06-05 14:27:56
READ_USER,2025-06-05 14:28:05
READ_USER,2025-06-05 14:28:05
READ_USER,2025-06-05 14:28:05
READ_USER,2025-06-05 14:28:05
READ_MESSAGE,2025-06-05 14:28:05
READ_USER,2025-06-05 14:28:05
READ_USER,2025-06-05 14:28:05
READ_USER,2025-06-05 14:28:05
READ_USER,2025-06-05 14:28:05
READ_MESSAGE,2025-06-05 14:28:05
READ_CHATROOM_MESSAGES,2025-06-05 14:28:05
